Vc,e_coli,b_longum,b_breve,b_vulgatus,ICP3,ICP1,ICP2,ICP2_Haiti,Sample
0.179046692242188,0.0465862751809283,1.94426421094732e-05,9.99775672453955e-06,2.13776917980938e-05,0,0,0,0,1274300
0.00727580239653368,0.000244941292795305,0,0,0,0.00917066469414366,0,0,0,1274767
0.297901141221947,0.0491909626722178,9.55849824754247e-05,3.66931964301173e-05,0.000321422870027456,0,0,0,0,1274791
0.000209566359224147,0.000254525576568782,0,0,0,0,0,0,0,1274897
0.00120870991318162,0.171466792875487,0,0,2.50759286581805e-06,0,0,0,0,1276100
0.276729277955712,0.0104582051532698,0,1.93204492004439e-06,3.46848064217493e-05,0,0,0,0,1276667
0.508963432690597,0.00650515652966382,2.74130816644733e-06,2.48330269195817e-06,4.92145442588074e-05,0,0,0,0,1276693
0.085615380557487,0.00899091512760529,0,0,0,0,0,0,0,1276704
0.76973589965547,2.61681848770544e-05,0,0,0,0,0,0,0,1277101
0.386457942979279,0.00291863866693918,0,0,3.18767126663626e-06,0,0,0,0,1277103
0.458133802251743,0.124154806858967,3.38785673987696e-05,2.98005916933622e-05,0.000200605035662159,0,0.223801711672792,0,0,1277300
0.000930783289421416,0.073762026698106,0.000111350552063963,2.80053346305449e-05,0.000142206729141929,0,0.618096919788831,0,0,1277550
0.400106065746823,0.168577127090605,7.88574000267505e-06,7.47873406705311e-06,0.000162090113861437,0,0.0964462632861364,0,0,1277850
0.0461414991209691,0.0163359598091766,8.97140416616001e-05,6.75690142774728e-05,0.00287691920513493,0.0045688793395499,0,0,0,1277967
0.00112671492923467,1.51012637733566e-06,0,0,0,0,0,0,0,1279435
0.43116696037374,8.59453049438955e-05,0,0,0,0,0,0,0,1279444
3.55756369472401e-05,0.881960796477031,3.03947189452148e-06,6.42433832251132e-06,0,9.78157318782368e-05,0,0,0,1279448
0.113120656072942,0.00206155120182862,8.79242524748501e-05,2.87306543406526e-05,0.000208635251667857,0.00451155775072777,0,0,0,1280950
0.551306374261599,0.126646689954573,6.15701594342451e-05,0.000101046332396266,2.21731763878953e-06,0,0,0,0,1281033
0.000170552845123233,0.104065395048307,3.29466420683846e-05,1.23901901795634e-05,0.000278732346501618,0,0,0,0,1281050
0.0124992033364213,0.179929838084417,1.65790847597226e-06,0,8.79077052375989e-06,0,0,0,0,1281469
0.013088682263361,0.135433227473136,0.000552299537311218,1.35650841992896e-05,0.000649595581374433,0.0118233082823484,5.3973750511258e-06,0,0,1283200
0.00660678281152516,0.000225300752975117,5.64722513984628e-06,0,2.49026941930721e-05,0,0,0,0,1283250
0.00112460108457967,0.119505736504506,2.54114426182123e-05,2.1647975800072e-05,0.00082490689360007,0.0357832033387934,0,0,0,1283700
0.0346430456297826,0.000275323408973948,0,0,1.11626471561104e-06,1.18192734594111e-06,6.82891355432639e-06,0,0,1283870
0.00287005419013328,0.222557028002531,7.60620621166802e-06,2.76589316787928e-06,0.000161113277028968,0.0145784571370164,0.00240613847242989,0,0,1284200
0.757913379837219,0.00489976864690308,0.000251733204341167,5.28941542956243e-05,0.00144267015420232,0,0,0,0,1284579
0.606475766999448,0.00367319572262705,3.01143919792054e-05,5.89981477477222e-06,0.000128492898468966,0,0,0,0,1285155
0.438719061036198,0.0648450094516845,8.94126937802962e-06,4.15281705709433e-06,9.11077211505388e-06,0,1.99165716003503e-06,0,0,1285850
0.00331095185028875,0.116919677632809,4.76278775196566e-05,3.03041624840095e-05,5.72521636505717e-05,0.0176285334517729,0,0,0,1287100
8.95482434776835e-05,0.850811828253492,0,0,0,0,0,0,0,1287200
0.0103856988214791,0.021479127041467,4.19452448039011e-05,3.59731412723574e-05,1.84081308854641e-05,0,2.24832132952234e-06,0,0,1287250
0.346021838023589,0.00608103201978108,6.47148883412723e-05,6.61856812581194e-05,0.00443885302304454,0,0,0,0,1287950
1.01910326781955e-05,0.262938440653957,5.27258061342934e-06,8.94371323457082e-05,4.48562828306675e-06,3.58063310314978e-06,0,0,0,1287962
0.00080850415453807,0.003533821532856,0,0,1.48298761443233e-06,0.0173820633406772,1.37952336226263e-06,0,0,1287972
0.0844443704513731,0.00901393544064924,0.00618191825424186,0.0050287855023115,0.00271365242149836,0,0,0,0,1288650
0.459294692938888,0.000735760961954005,0.00013158801819562,0.000108241756902849,0.00382564257439931,0,0,0,0,1289150
0.744550355731345,0.216415260504468,0,0,0,0,0,0,0,1289750
0.302711892608971,0.0183554761062521,0.000305410382829463,0.000170316447066941,0.00600985213768096,0,0,0,0,1289800
0.00831765425825008,0.147176971527137,2.28176194331079e-05,1.2972116004245e-05,3.7253256217319e-06,0.0678688469844454,0,0,0,1289950
0.00923093388510832,0.367390887720958,5.71644427895939e-05,6.29932496096631e-05,0.0496738642130995,0.00632832854189027,0,0,0,1290250
0.177234477912157,0.155229871975299,5.97915853887725e-05,6.07839768475073e-06,0.00868832519675711,0.0283768135178603,0,0,0,1290550
0.806065552864145,0.00644705200007531,3.29982970937623e-06,1.90225477364042e-06,5.88146118788823e-05,0,0,0,0,1293000
0.027230088228475,0.0022073859746121,0.0010388155406572,0.000158675580061147,0.0115684688039442,0.00420951271263134,0.00455005865173505,0,0,1293031
0.341039409148069,0.0240713989693649,1.01480607031124e-05,3.7010574328998e-05,0.000559735191330492,0,3.28319610983047e-06,0,0,1294750
0.451046380127992,0.0788235134242914,0.000525079315414833,5.67438320912886e-05,5.1374380690127e-06,0,0.219534826526946,0,0,1296600
0.851590341902911,0.000803619467764036,8.437880325047e-05,2.5313640975141e-05,0.000742462562046783,0,2.58808934339677e-06,0,0,1296800
0.0206332551051734,0.0213309282335231,0.00012968675447454,8.33370320642987e-05,0.00366636706945847,0.0118581314750909,0.00321893620798704,0,0,1297300
0.00347349680430895,0.419601728472259,4.96669954655554e-06,1.10990530683231e-05,0,0.0013424279345833,0,0,0,1299400
0.703423458113808,0.0168109029570635,1.42387904578655e-05,2.64486438530326e-06,3.16659105856857e-05,0,0,0,0,1299650
0.912462909313009,0.0207462970700769,1.94956732422627e-05,1.68647692407117e-06,3.65965492523443e-05,0,0,0,0,1302800
0.63978192297876,0.00406134482247465,4.60508178841578e-05,2.08621937707689e-05,0.000878925323502413,0,0,0,0,1302850
0.000145933305129388,0.659435218008143,3.48417441080266e-06,2.21111068377861e-06,6.49932534322803e-06,2.71363583918284e-05,0,0,0,1305100
0.00407261021355514,0.0353722065343938,7.21423993965905e-05,7.67902290495921e-06,0.000364399948772834,0.00126719033898087,0,0,0,1305250
0.0407803354612509,0.0638859423766394,0.000180958341009044,0.000170583662141932,0.00409966076130192,0.034483636936783,0,0,0,1309600
7.86662321431818e-05,0.809686609232591,2.60772040253641e-06,5.43275083861753e-06,0.000112204413986914,0,0,0,0,1310500
0.128755680666006,0.0418186827722666,0.000631146731557215,5.00658536654748e-05,0.237885953073828,0,0,0,0,1310800
0.662082092179502,0.131498910504717,6.89855587355982e-06,1.26170956108528e-05,0.000154899810503024,0,0,0,0,1311100
0.0711020353154152,0.0324252836706302,1.49470233895589e-06,0,5.52209475225371e-06,0,0,0,0,1313450
0.00702662721893491,0.0519659439649972,0.000148591033340297,9.64554418155765e-05,0.00197839398103331,0.00538762030724506,4.2296952559738e-06,0,0,1314850
0.0968905428673656,0.00302456508667536,1.78553881184417e-05,1.9312970821988e-05,0.000196085362035404,0,0,0,0,1315500
0.00022517415967552,0.00128560132794849,0,0,3.38689905382878e-06,2.45823318423057e-06,0,0,0,1317650
0.379661473695219,0.05259235875317,4.77055794943239e-06,1.02923848672793e-05,0.000393589812552382,0,0,0,0,1318050
0.880018615484899,0.000341649431336562,0,9.60959684434406e-07,1.334038150156e-05,0,0,0,0,1318150
0.000170629257025017,0.0225384309864824,2.15820831039692e-06,1.7788868497817e-05,6.80162619034181e-06,1.78542687496472e-05,0,0,0,1318300
0.886754545499479,0.0027818180265942,4.50558036347983e-05,5.43283942287233e-06,1.71971834363101e-05,0,0,0,0,1318700
0.805773715452402,0.0381790124452439,0,0,0,0,0,0,0,1318750
0.070845821382417,0.00244001884594864,3.24003067550745e-05,2.01640206933176e-05,0.000106679733411655,0.00349561394634668,0,0,0,1318950
0.531730166845787,0.0575569979677453,1.61563454718586e-05,2.23915235750706e-06,1.61563454718586e-05,0,0.132324706579753,0,0,1319200
0.546474221823168,0.232523640267235,0.000879527598656736,0.000186005555431882,3.28972591388833e-05,0,0,0,0,1319450
0.000535773913329486,0.0406761396177929,4.64763424691522e-06,2.41319470512906e-06,0,3.32484603817781e-05,0,0,0,1319600
0.495975334274448,0.0247117489441866,1.02274204365018e-06,0,0.000618822857786089,0,0,0,0,1319650
0.668345193287613,0.01560076354884,9.1206442403148e-06,6.23353383330868e-06,1.55510265104648e-05,0,0,0,0,1321850
0.000240552254677709,0.844238528708519,6.73808770446374e-05,6.01632999529646e-05,0,0,0,0,0,1321900
0.24071245039454,0.0199339129084793,7.60759282197361e-06,7.27097367055885e-06,0.000695219533416907,0,0,0,0,1323500
0.418698118512057,1.53981273598208e-05,1.44742397182315e-06,2.12494157565527e-06,3.01187371158094e-05,0,0,0,0,1323750
0.19379133816205,0.00141797100343682,0.000127467542968725,7.49885392732041e-05,0.00182839703110253,0,0,0,0,1325700
0.047594601017413,0.0037341585868041,1.80358867768865e-06,0,4.46602910665762e-06,0,0,0,0,1326450
0.885114504446398,0.00830463198683699,3.80668486854185e-06,3.45773875559218e-06,0.000290703834460979,0,7.89887110222433e-06,0,0,1331650
0.88890170689214,0.000378014741292635,0,7.60816643488117e-06,6.15492116080274e-06,0,0.0110899283990328,0,0,1335800
0.000515569937276979,0.0818888273233006,5.54976839025688e-05,6.51610186395975e-06,6.90174870896961e-05,0.0019234025576808,0,0,0,1339300
0.335139478385017,0.0582439899455017,2.26024179957337e-05,1.08171721134145e-05,0.000638297335019185,1.65414343991124e-05,0.289256022681547,0,0,1343350
0.174235224280456,0.00477465431183377,3.08703436511351e-06,4.11604582015135e-06,5.59782231540584e-06,0,0.742071034554122,0,0,1346150
0.0579962604031448,0.0367055555403975,0.000595439860661151,6.62954392975563e-05,0.000377280262692485,0,0,0,0,1350900
0.000158024611320235,0.756513948230148,9.20265011599803e-06,9.271326609401e-06,0,0,0,0,0,1351200
0.887476463392627,0.0104005481012614,0.000564252202696613,2.83850612752599e-05,0.000399848782154011,0,0,0,0,1356500
0.750946330108409,0.0140988152909245,4.67866604706962e-05,2.52759807164398e-05,0.000129138638940631,0,0,0,0,1362500
0.353397679360833,0.0334485385109727,0.00034631033005124,0.000143814635491426,0.00265563183721188,0,0,0,0,1362600
0.96552349918515,0.00175019186905678,0,0,1.93434114617239e-06,0,0,0,0,1365100
0.549000865602282,0.000466003763119461,1.63387244770159e-05,3.0732362706768e-06,4.10413198172662e-05,0,0,0,0,1365150
0.058284575950369,0.411640879728146,6.17294330832724e-06,2.34146125488274e-06,0,0,0.163731290216814,0,0,1366350
0.0699930264973787,0.000220157790785541,0,8.4605333133959e-06,4.4785649169824e-05,0,0.573564383141137,0,0,1368050
0.915265124743026,0.0105702445455118,0,0,2.56890136427492e-05,0,0,0,0,1373300
0.963005944795408,0.000156052688895513,0.000964984636400942,2.10070927359345e-05,1.27101737561956e-06,0,0,0,0,1376450
0.00415640046848566,0.184978093957403,6.56639049147616e-05,0.000198943738342081,9.70589511126534e-06,0,1.78935496464668e-06,0,0,1383600
0.00127459417925594,0.186257251212801,0.000287654633828107,2.67608336612752e-05,0.00125513175477501,0,0.17253633926587,0,0,1385750
0.165238105300821,0.0193506177490934,2.57052579704577e-06,1.46887188402616e-06,2.55049572589996e-05,0,0.790008740121544,0,0,1385800
1.39267875858032e-05,0.0261341598134283,0.0117408956576748,0.00780910387023067,0.00104856908158737,0,0,0,0,1394550
0.470050682512685,0.0706939470750809,0.00012710442204197,0.000225963416963502,0.0021166041344294,0,4.45716846404072e-06,0,0,1444100
0.143216959313658,0.0479195827426454,0,0,1.72009420572816e-05,0,0,0,0,1446100
0.0179295560571799,0.00167790866916204,1.68227156972839e-05,3.11298851220767e-05,0.000265272215516282,0,0.0141315528506445,0,0,1446300
0.10115495166884,0.0109409963698864,2.19245328781931e-05,3.7697107277132e-05,0.00107567648473428,0,0.164771568946406,0,0,1449850
0.965284299132876,0.0093578614184086,1.84157719132339e-05,2.10004416554422e-06,6.00935715063423e-06,0,1.82865384261235e-05,0,0,1450100
0.141243422760122,0.0919960975749528,3.35015223318877e-05,8.5610148331812e-06,4.62120086403353e-05,0,0.710941702022348,0,0,1450500
0.0154009323631523,0.1153222252294,0.00960608911246106,0.00115998107476423,0.00163617588568838,0,0.00109079872532187,0,0,1458300
4.6326451950396e-05,0.434890265634654,0.000528697361241807,3.80382919969353e-05,0,0,6.23793091234145e-06,0,0,1462450
4.2526659048433e-05,0.0483538446961387,0.00682203125765082,0.00563645159464638,0.00194672737088906,0,0,0,0,D02182111
0.00111717492858413,0.776014919798772,2.17893664411038e-05,5.22109419515267e-06,7.44876105175114e-06,2.4782793779658e-05,8.91066742639388e-06,0,0,D02182112
9.3588603694458e-06,0.200467374042302,0.400006280008009,0.201871548737449,0,0,0,0,0,D02182145
0.000356027495494866,0.011334703934421,7.25770335920514e-06,5.00038617268071e-06,0,0,0,0,0,D02182146
0,0.107887749080193,0.769939620345252,0.0554113413177109,0,0,0,0,0,D02182158
4.23182982896801e-06,0.856948735829362,7.85911253951201e-06,2.50455234775658e-06,0,0,0,0,0,D02182163
0,0.000222242678421852,0.000274156508709582,1.47303705775101e-05,0,0,0,0,0,D02182170
0.00359699189911957,0.193951230950462,4.49614682450326e-05,1.63766937316344e-06,2.09547240247958e-05,0,0,0,0,D02182172
0.000854522496959077,0.0928026684399395,4.48807377070478e-06,0,1.07983729821468e-06,0,0,0,0,D02182175
0.81955505462779,0.12215513582989,0.000684448077480837,0.000131342126136184,0,0,0,0,0,D02182180
0.00900826426034207,0.341954163604602,3.05918531068414e-05,2.09180432948217e-05,3.70619986304649e-06,0,0,0,0,D02182183
0.0663756745905784,0.589188770152483,0.000186890910467723,6.14982910513447e-05,1.84694542930175e-05,0,0,0,0,D02182190
0.309617212849039,0.0238439771555468,6.00522367110678e-06,1.85616004379664e-06,4.63312105049632e-05,0,0,0,0,D02182206
0,0.00563719902717926,0,0,0,0,0,0,0,D02182215
0.0053296168501621,0.261539836911702,2.83272237007232e-05,1.78980689941868e-05,0.0713394259028141,0,0,0,0,D02182216
0.00867797688021253,0.850308216230712,0,0,0,0,0,0,0,D02182219
0.00589879679034996,0.000222428320634075,3.5229418519128e-06,0,0,0,0,0,0,D02182228
0.0190488488361505,0.123025121671824,0,0,0,0,0,0,0,D02182238
0.00024553868589618,0.0580196263017414,3.7419475114893e-06,1.4298498621138e-06,8.55780353643854e-05,0,0,0,0,D02182243
0.326322150828144,0.0101772741033476,4.15200116648348e-06,2.32119750252226e-06,3.13852056679066e-06,0,0,0,0,D02182249
0.567374777790847,0.00112991868857233,0,0,1.06961892185287e-05,0,0,0,0,D02182267
0,0.217640600219593,0.0129315603269489,0,0,0,0,0,0,D02182271
0.0566608007374975,0.00817489624734198,0.000159335136727398,0.000554757944924136,0.000453302754129776,0,0,0,0,D02182272
0.325924404460459,0.175888777427534,0.000513994172924711,0.00021581760329413,0.00260979435094569,0,0,0,0,D02182286
0.00147170393276383,0.00652365511635779,0.000428582674760186,0.000646226582605722,7.28625314489735e-05,0,0,0,0,D02182289
0.408651873864068,0.0127114869596077,4.45229891819865e-05,1.89325255203344e-05,9.26116040036359e-05,0,0,0,0,D02182290
2.84976353207186e-05,0.267912135697186,8.47738421227219e-06,8.09892955993861e-06,0,0,0,0,0,D02182316
0.365496904642109,0.000939969209233309,6.86262255120794e-06,4.48171268650315e-06,0.000141419043287392,0,0,0,0,D02182318
0.0537610491304949,0.21806285346451,0,0,3.81119492775689e-06,0,0,0,0,D02182354
6.19875455463997e-06,0.886251698222355,0.000470474964333522,5.02204182562357e-05,0,0,0,0,0,D02182360
0.00327615114668751,0.0566921474281327,0.00872268387651885,0.00558555258395367,0.00658760300700317,0,0,0,0,D02182361
0.579760815754651,0.0121146830647881,0.0149489841986456,0.000892763550504657,0,0,0,0,0,D02182400
0.021196826980713,0.0826097749570265,0.0733710464570242,0.0162632583715177,0.000898308735200313,0,6.85783690515734e-06,0,0,D02182404
0.000156454067468569,0.0792572228254096,0,0,0,0,0,0,0,D02182438
0.0233247039146519,0.151149257002477,0.000173503180387721,0.000124584276533989,0.00239415782695872,0,0,0,0,D02182446
0,0.0040481991665147,0,0,0,0,0,0,0,D02182495
0.300912493907674,0.0789834583489246,0.000779708423613572,0.00013627972824956,0.000343327362282523,0,0,0,0,D02182503
1.2750534338464e-06,0.025984714659435,1.43170285571896e-05,2.6229670639126e-06,0,0,0,0,0,D04181472
0.230988152137624,0.00020105156242467,0,0,2.77562181018452e-06,0,0,0,0,D04181537
0,2.2251402768556e-05,0,0,0,0,0,0,0,D04181540
0.0165905480390219,0.000449122671614516,3.9399955614293e-06,0,0,0,0,0,0,D04181547
0.0167901883841305,1.62136379689205e-05,0,0,0,0,0,0,0,D04181552
0.000606957562551931,0.0067790771870733,7.3912538348791e-05,6.39521714206346e-06,1.33785002282247e-05,0,0,0,0,D04181566
0.0487003369232935,0.000119115956780148,0.000173110074326603,0.000123610898545437,0.00260964259292799,0,0,0,0,D04181604
0.103870796389299,0.00541995742083303,1.24679295907518e-06,0,6.1152226087973e-06,0,0,0,0,D04181638
0.068240174822623,0.00129264949891414,9.47837650575859e-07,0,2.95840236391859e-06,0,0,0,0,D04181657
2.23534514707034e-06,0.146654335633535,3.25987833947758e-06,0,0,0,0,0,0,D04181658
0.0788080764623333,0.00178914003872225,3.0835945277131e-05,9.45963261489676e-06,0.00021785820567641,0,0,0,0,D04181685
4.26318062805177e-06,0.0375823634366338,0.145302782526006,0.0153332396588929,0.000156489923054095,0,0,0,0,D04181780
1.80657734665755e-05,0.237315940528515,1.72479812520391e-05,0.000374139938150375,0,0,0,0,0,D05181647
0.656742086068717,0.23449774882215,4.71168932620631e-06,0,0,0,0,0,0,D05181661
0.506368586735257,0.00876696642592071,0.0213803728047217,0.00076319770817083,0.000589658984885263,0,0,0,0,D05181665
0.00773245890551961,0.281785476808497,0.000101780167000945,2.15485852409194e-05,2.59763767287795e-06,0,0,0,0,D05181667
0.0180362695122467,0.000441867782055078,2.10688639536359e-06,0,5.90754420660772e-06,0,0,0,0,D05181675
0.00184127341844189,0.390313653541838,0,0,0,0,0.0413565464642097,0,0,D05181688
2.53155152748394e-05,0.445661150588103,3.40984491457021e-06,2.22156562615938e-06,0,0,0,0,0,D05181693
0.192596318153857,0.0532012530196053,4.89319488550276e-05,0.00109713400451266,0.0677143819705629,0,0,0,0,D05181695
0.58261457381255,0.233898824201804,0.000164320170523224,1.66829211433972e-05,0,0,0,0,0,D05181703
0.131885159120633,0.232803009966649,0.000107333142919728,1.64500175023032e-05,0,0,4.08029154756868e-06,0,0,D05181723
0.196985363082031,0.000862943330352407,0,0,0,0,0.309591215908934,0,0,D05181742
5.10507431944382e-05,0.00236927985409096,0,0,0,0,0,0,0,D05181743
0.173323570137922,0.00151120251654167,0,0,0,0,0.723869719972866,0,0,D05181745
2.97838831102562e-06,0.395520151607516,0,0,0,0,0,0,0,D05181747
0.0021597947158181,0.127593858843028,0,0,0,0,0.00774753555985236,0,0,D05181749
0.0285729398819102,0.00891702551913261,0,0,0,0,0.0692742141504588,0,0,D05181753
0.0426834552929082,0.00591768526951617,0,0,0,0,0,0,0,D05181764
0.894656876748219,0.00576493819697791,2.00918931435625e-05,1.90155417251574e-06,0,0,0,0,0,D05181784
0.00723862973684753,0.0445346130211028,4.68032244885537e-05,2.3055775610125e-06,0.000522597580496166,0,0,0,0,D10181702
0.259690116475856,0.0598537179656376,2.04216588572512e-05,8.02701041787908e-06,0.000263828945352349,0,0,0.147601336481495,0.00500771340613832,D10181706
0.134345380692188,0.0266374284485156,8.22357008820293e-06,0,9.81688679279225e-05,0,0,0.131600507188685,0.00177731908531286,D10181707
0.000958721565310047,0.901827486820843,0,3.40402112196661e-06,0,0,0,0,0,D10181709
0.226039359060511,0.0113463063140557,2.50007272639e-05,7.4540426934583e-06,8.04772750975144e-06,0,0,1.08842216320409e-06,0,D10181710
2.99000697264434e-05,0.000359882604797148,6.62042064854679e-06,1.77409965091777e-06,0,0,6.01463052384316e-06,0,0,D10181714
0.0196168449943546,0.335418153284836,0,0,0,0,0.524052221100387,2.58895973348485e-06,0,D10181725
0.98042907863127,0.000973182397214507,0,0,0,0,0,0,0,D10181726
7.17049248812972e-05,0.323691978665027,2.03843431936798e-06,1.44688867374747e-05,0,0,0,0,0,D10181732
0.00147632447547668,0.00307422633967748,0,0,1.37620192005682e-05,0,0,0,0,D10181738
0.11060146559136,0.0604892256543395,0,0,0,0,0,0,0,D10181742
0.000375431803269199,0.374412527251608,0,0,0,0,0,0,0,D10181743
0.022392570764455,0.0124324683108646,0.000244465034464595,0.000261947127045494,0.0054845446220464,0,0.146201745338215,0,0,D10181752
0.973960308621611,0.00180902745238818,6.316026343999e-06,0,0.000161242277188951,0,5.14095167534802e-06,0,0,D10181758
0.0010493814319725,5.21762457297337e-05,0,0,0,0,3.1184053570249e-06,0,0,D10181760
0.00169402560733914,0.374482552660736,0,0,0,0,0.0512493782717049,0,0,D10181763
1.10948926088361e-05,0.699382158891401,1.44409713321359e-06,0,0,0,0,0,0,D10181764
0.00339213990436338,0.00409651761794017,5.84343765151851e-06,2.99476179640324e-06,1.53390238352361e-06,0,7.47473066256743e-06,3.23823836521651e-06,0,D10181766
0.102599952973326,0.0783146458743889,2.29495928186486e-05,1.87914784403569e-06,0,0,0.0212077027309656,0,0,D10181767
0.942090939453834,0.0148821106625388,3.57688066311318e-05,2.66203906793539e-06,2.59080140273712e-05,0,0,0,0,D10181773
0.00158450245722443,0.214962188238957,1.04171860959637e-05,9.23818673936624e-05,2.2287933042527e-05,0,4.91384320883248e-05,3.63390212649896e-06,0,D10181779
5.65405757461589e-06,0.890289101749659,2.17463752869842e-05,0,1.06557238906223e-05,0,0,0,0,D10181787
1.08555842502996e-05,0.730947430207685,0,4.95940397221808e-06,0,0,0,0,0,D10181788
0.976016794176133,0.0036833817613719,4.63323237570623e-06,0,0,0,0,0,0,D10181790
0.0107878718148296,0.0291839418435912,4.01441388194633e-06,3.05684726790408e-06,3.17838456891714e-05,0,0.0479739032160906,0,0,D10181796
0.230764287411726,0.0067905254259791,0,0,1.59915326693996e-06,0,0,0,0,D10181801
0.00230673178751698,0.0122502537739609,0,0,3.97387831741976e-06,0,0.0440507757909827,0,0,D10181806
0.00108837218627424,0.326326588546954,5.28763815193962e-06,1.83965744036233e-05,0,0,0,0,0,D10181834
0.00146315482774563,0.351056406990443,7.65548634530089e-06,4.46570036809219e-06,5.33149941904884e-06,0,1.9639967945385e-05,0,0,D10181835
0.069451731938194,0.0108177235012609,0,0,1.6777945366263e-06,0,0,0,0,D10181847
2.9792531097797e-05,0.278176664511234,0,0,0,0,0,0,0,D10181853
2.83704360131279e-05,0.117525873818186,2.14043070057892e-06,4.13686879039163e-05,0,0,0,0,0,D10181879
0.371246985282537,0.0123567784979437,6.23420300988105e-06,2.1956941418449e-06,3.23080709442892e-05,0,0,0,0,D10181893
0.00136230648565704,0.0656077690862821,5.81404753778844e-06,4.9439179743099e-06,1.50295106419021e-06,0,0,0,0,D10181952
0.000236446864673172,4.83609684955428e-06,0,0,3.61837462124925e-06,0,0,0,0,D10181973
1.32581306906975e-05,0.354696001480365,0,8.11587000137695e-05,0,0,0,0,0,D10182028
0.62936211509059,0.00116937242506823,1.35598127699795e-06,0,4.35851124749341e-06,0,0,0,0,D10182039
0.000269954884695655,0.196329430678869,3.50740926717655e-06,1.27191764633875e-06,7.43879108313269e-06,0,0,0,0,D10182047
0.000331800754835142,0.000653754599186293,0,0,0,0,0,0,0,D10182048
0.000445988615955259,0.0243739939482432,1.72724330852448e-06,2.01511719327856e-06,0,0,0,0,0,D10182051
0.340457279210162,0.0245373587034402,0,0,4.18533703665347e-06,0,0,0,0,D10182063
0.000105239653437615,0.748335661034834,0,1.21891801063175e-05,0,0,0,0,0,D10182069
0.00214271324935773,0.538777215676954,9.95937029617809e-06,1.53917540940934e-06,2.80220464242465e-05,0,0,0,0,D10182070
0.000142771798168626,0.0899196005129561,1.84023800002525e-06,0,0,0,3.52712283338173e-06,0,0,D10182071
0.245415529490623,0.0319538719503161,7.634874783762e-05,3.04495809095433e-05,0.000946675426881667,0,1.51226106530618e-06,0,0,D10182075
0.00551738856696236,0.00734954532788907,0,0,0,0,0,0,0,D10182082
0.165521416471329,0.000575075990190991,1.63154305116154e-05,5.10930587074272e-06,3.60656884993604e-06,0,0,0,0,D10182089
0.000653323989093157,0.104038730900849,7.22359018660999e-06,0,0,0,0,0,0,D10182104
0.109572517928499,0.00229522570697953,0,0,0,0,0,0,0,D15180677
0.474187902458142,0.294942201879582,9.88339952426002e-05,2.63285612068947e-05,0.000804773637138302,0,0,0,0,D15180683
1.9642022521959e-05,0.0426264240293016,0.0104912432859523,0.00123069980644058,0.00309992710267736,0,0,0,0,D15180690
0,0.243237722277764,0,0,0,0,0,0,0,D15180744
0.262065048839591,0.0157643805636004,0,0,0,0,0,0,0,D15180765
0.063714421283624,0.0438887656104156,1.01229390780638e-05,6.58794447937483e-06,0,0,0,0,0,D15180780
0.00295776821671993,0.00396622378283245,0,0,0,0,0.987193869232678,0,0,D15180852
0.00627637782769664,0.350200023462402,0,1.66794326101811e-06,0,0,0,0,0,D17181269
0.564795070117422,0.00329408408373542,5.06065498497631e-05,1.9445055067796e-05,0.00244284238992361,0,0,0,0,D17181353
0.768048692839367,0.0193620168609892,1.20131018893573e-05,0,4.97208939309509e-06,0,0,0,0,D17181373
0.209783379541782,0.0201998049675543,0.00113383685635301,0.000133215222535862,0.00642894654005005,0,0,0,0,D17181376
0.11245773934394,0.000114733791964951,0,0,2.91244162656829e-06,0,0,0,0,D17181378
0.919061089456142,0.00125445359272218,0,0,0,0,0,0,0,D17181384
0.0163643263322235,0.0219040678869008,0.185051392060683,0.00694221536097561,0.0222340499667353,0,0,0,0,D17181390
0.000917654011058377,0.330887829412783,0,5.16426231575412e-05,0,0,0,0,0,D17181392
0.0251444433373772,0.0643653542208372,0.057330284722181,0.00942548585310805,0.000131973395089679,0,0,0,0,D17181396
0.228747437834645,0.150305536744538,7.86172174850981e-06,2.17709217651041e-06,2.57622574220398e-05,0,0.36471271031164,0,0,D17181397
0.306560029131298,0.00220192592687403,0.019444671759216,0.00152510645052926,0.00875215096471106,0,0,0,0,D17181424
1.84152320084857e-06,0.0390316283283858,1.01702304046864e-05,8.37056000385715e-06,0,0,0,0,0,D17181426
0.423010644214209,0.00663547100039153,2.15873056374296e-05,8.9071945783268e-06,0.00119021901352314,0,0,0,0,D17181428
0.00022538907075743,0.489051875359427,0,0.000296926810982413,0,0,0,0,0,D17181434
0.00521738315007557,0.186158758705843,4.48918711944475e-06,0,3.2172507689354e-05,0,0,0,0,D17181435
0.306985712715383,0.000238693424959911,0.000134445758204203,0.000101302817412327,0.00293119595097136,0,2.62359305137632e-06,0,0,D17181461
2.59939550609334e-05,0.000114227746485438,0.000961552251435046,6.42566087389884e-05,0.00998268712958614,0,0,0,0,D17181515
0.83196427004093,0.00122448305822424,0,0,0,0,0,0,0,D17181529
0.739786656942289,6.10194996346548e-05,8.71707137637926e-06,2.95109187221173e-06,5.67063653598838e-05,0,0,0,0,D17181538
0.0041583364197638,0.408973888931762,4.94006895268135e-06,5.07358432978085e-06,0,0,0,0,0,D17181754
0.775978395905466,0.0372035724048966,3.04015830225886e-06,9.61602071004478e-05,0,0,0,0,0,D17181779
2.50195167122925e-06,0.559142950497993,0.00368608965505533,0.000202419804258024,1.81689347553553e-05,0,0,0,0,D17181793
2.84674504991585e-06,6.32242214574335e-06,0.906800016590565,0.0512123807193136,0,0,0,0,0,D17181795
0,0.0370976644140875,0.0911753446188283,0.0223608600679934,2.10672189477428e-05,0,0,0,0,D17181797
0,0.0248778596674666,0.473213967126799,0.0510536011139425,0.000124013452387179,0,0,0,0,D17181798
1.09624244422726e-06,0.169878270733296,1.390661843534e-05,0.000270020174619519,0,0,0,0,0,D17181815
3.86008358767412e-05,0.0655629575885496,0.00117901193852648,0.000390692926228181,0,0,0,0,0,D17181817
1.28059603085968e-06,0.151650072378068,0.351167208399442,0.256605283836793,7.98848000202944e-06,0,0,0,0,D17181818
0,0.0463248130323444,0.443657422272132,0.0286685641144322,0,0,0,0,0,D17181834
0.305958604878164,0.0198719856234317,2.11166620159732e-06,1.42214254393289e-06,0,0,0,0,0,D17181835
0.996576361439275,1.53674644112412e-05,0,0,0,0,0,0,0,Positivecontrol3
0.000803968647354212,0.0126994052471488,2.62782561328778e-06,4.02933260704126e-06,0,0,0,0,0,1310350
0.0461975258815518,0.08577685415396,0.000171923858459111,0.000156856569951803,0.00460013898484971,0.0443386753693467,0,0,0,1326000
0.00401126325521193,0.0367274366281767,6.8662763222738e-05,5.54041886078996e-06,0.000347124855676892,0.00119061359530398,0,0,0,1326050
0.83624136370085,0.021839310476893,1.64345567491287e-05,3.3030236603641e-06,3.06939515755785e-05,0,0,0,0,1326850
0.00331029287845474,0.432012041941659,5.17970472708572e-06,1.23594934576996e-05,0,0.00126533519536026,0,0,0,1326950
0.104133423372241,0.00405563919078472,5.0505879191988e-05,2.41847103406643e-05,0.000124512802001229,0.00409118986040209,0,0,0,1341100
0.405044747413371,0.0576475923575431,3.03360274483528e-06,2.00926935047532e-06,0.000329795955545664,0,0,0,0,1341950
0.612135360843808,0.0507010708007162,0,0,3.09395877660892e-06,0,0,0,0,1348600
0.413377651444326,0.189888213796267,8.17034148881842e-06,7.51671416971294e-06,0.000153970085356783,0,0.0977681037303287,0,0,1363400
0.0660416310161041,0.0249276383902769,8.83241358069872e-05,7.31925706735476e-05,0.00327428367553198,0.00556824595152,0,0,0,1365000
0.152423612761837,0.00318320719960872,0.000130511366885735,3.83611685414939e-05,0.000249347595519711,0.00495753954287536,0,0,0,1366300
0.0138143115017937,0.000586043673786934,0,0,0,0.0133356083712008,0,0,0,1368350
0,0.0470512940348801,0.18472763454535,0.0195410140835316,0.00015299674241592,0,0,0,0,1381500
4.58778947559206e-05,0.00232341014608208,0,0,0,0,0,0,0,1391200
0.0317928742324653,0.00246858235504402,0.00115086834101868,0.000125109470786939,0.0131611792648203,0.00504512367497472,0.00560187073356382,0,0,1446750
0.0671370356544093,0.537891298858875,7.52698460167125e-06,0,0,0,0.164649989667284,0,0,1452300
0,0.000673912790355725,0,0,0,0,0,0,0,D02182191
0.000262807944562186,0.313601832780467,1.12121532841814e-05,7.88547044162208e-05,2.07404300678081e-05,5.99213613246178e-05,0,0,0,D02182220
1.32389825785552e-05,0.185723067103262,0.00395303344174041,0.00110777890927262,0.00482046848111618,0,0,0,0,D02182224
0.00761380344132185,0.0118294396901261,0.000189966942541637,0.000153047790237477,0.19020234844086,0,0,0,0,D02182252
0,0.269962916457214,0.505471495540143,0.0297659358962774,3.87964476219592e-05,0,0,0,0,D02182469
0.000506123921426908,0.000120959834245926,0.226243719029474,0.0125606853581029,0,0,0,0,0,D02182471
0,0.0830067906702096,0.510551166223797,0.0319234425745498,0,0,0,0,0,D02182491
0,0.0369219028380396,0.326459700149234,0.0224323246461874,3.87708063780959e-06,0,0,0,0,D02182515
0,0.0184331087704846,0.884686710677398,0.057469600494513,3.18740871990749e-05,0,0,0,0,D04181631
9.69798024152876e-05,0.0871693708853552,0.0629190115506592,0.00435327364693994,0.028056219103411,0.000245908578108803,0,0,0,D04181633
0.011354202224953,7.75784565916629e-05,0,0,0,0,0,0,0,D04181646
0.000159714647268662,0.122837574321672,9.36351173023265e-05,4.2603401090701e-05,0,0,0.00256136111670326,0,0,D04181742
0.000663807803144235,0.0595652033744168,0,4.08411595458971e-05,0,0,0.0101476650105925,0,0,D04181753
2.3410987734689e-05,0.0596826697977235,0.000414793089969449,4.536460272298e-05,0,0,2.76280663200104e-05,0,0,D05181761
1.89909480951973e-05,0.117884368847136,0.0468054154276956,0.00299043894011307,0,0,2.61213784209034e-05,0,0,D05181763
0.00515458981052984,0.00124557698465823,5.95222062720444e-06,0,0,0,0.0210337843387432,0,0,D05181765
0,0.00013339378472358,1.63448248348472e-06,0,0,0,0,0,0,D05181771
0.065840633999989,0.06149119171797,7.13247083484468e-05,6.27285708601975e-06,1.33588623128198e-05,0,0.25063848101604,0,0,D05181782
4.92686412798518e-06,0.0338660567709176,2.75056056946458e-05,1.69340561749954e-05,2.2839767480726e-06,0,0,0,0,D05181783
0,0.0139701401945058,0.00157443902075118,0.000354209083076855,0,0,2.71380339141123e-06,0,0,D05181796
2.76141424607201e-05,0.0351328209667076,0,0,0,0,3.15174073233114e-05,0,0,D05181803
1.38365605698969e-06,0.000332924590038947,8.97964543107593e-06,0,0,0,2.08960302484157e-06,0,0,D05181827
0,0.00801982115278965,0.588370836917111,0.054242384046158,4.76746413254448e-06,0,0,0,0,D05181845
4.76413130673038e-06,0.155583583831566,0.351549511767436,0.257104463796708,5.67307741130394e-06,0,0,0,0,D05181878
0.0565328318986369,0.335216711680722,0.00307096338181562,0.00404421506589231,0,0,5.8951800521693e-06,0,0,D05181973
0.00294820594059938,0.542474593867877,5.59618760838416e-06,1.05208327037622e-05,0,0,0.0203612585333467,0,0,D05181976
0.00019293133454727,0.00440069972884303,0.0189263711942436,0.00991414452367195,4.92480805810103e-05,0,0.00205523838170325,0,0,D05181978
0.000531741346378233,0.0801456285466188,0.035990064895305,0.00294784966177044,0.000139953590822336,0,0.0073138896143371,0,0,D05181981
0.000921729923379932,0.144078815632443,0.000110320476693688,8.74995860056369e-05,0,0,0.0552764103339703,0,0,D05181982
0.000768007042943962,0.707906194166499,2.40069184509416e-06,2.18634435892504e-06,0.00013911151852376,0,0.00767496895926879,0,0,D05181984
9.80168547508636e-05,0.809388529378528,0.00362475026610071,0.000155555759246251,0,0,0.00141893614713742,0,0,D05181990
0.00215466939683129,0.0728249375227407,0.00015872326944786,2.19446176261927e-05,2.71772528827156e-06,0,0.00237809075336562,0,0,D05181993
0.00144868992371582,0.199560071304798,0.00133105194494792,5.65515907002154e-05,0,0,0.0162672962506651,0,0,D05181994
8.14508788218339e-06,0.635484350018672,8.66599466534628e-06,0.000226405030027435,1.39697728211866e-05,0,1.11284630948436e-05,0,0,D05181995
5.38546789893252e-06,0.450900840868753,0.016855718081223,0.00145130774710176,8.79879262360806e-06,0,6.21983616496432e-06,0,0,D05182000
0.000844992698866997,0.186526098358356,0.00129084835569461,0.000778283728587705,0,0,0.0480030974999994,0,0,D05182008
4.64026898122446e-05,0.533480505552369,1.57966603616152e-05,2.01945942122921e-05,0.0229866090543316,0,0,0.0020396540154415,2.38296211705047e-05,D10181712
0.00755544929799746,0.385041117099841,0,3.40299786718999e-06,0,0,0.123488818448514,0,0,D10181733
0.00292339339217119,0.480936221386785,9.24982568283054e-06,2.67404051558192e-05,0,0,0.00648900498447879,0,0,D10181744
0.000683283470131645,0.766530073929106,0,4.79673493105721e-06,0,0,0.00682685020345009,0,0,D10181754
0.00544666531945829,0.0128618554843408,1.53686944679974e-05,5.32781408223911e-06,0.000225373366209589,0,0.00542467101004187,0,0,D10181757
0.0053637525948959,0.0294825563736841,2.15667593727643e-06,3.64975927846781e-06,0,0,6.10173392100209e-05,0,0,D10181765
9.31093590807946e-05,0.361827465835226,4.21679017274034e-05,4.49096378605246e-05,0.0655210779190442,0,0,0.00628663644907883,6.31696005071115e-05,D10181798
0.00621130022035348,0.633894866330359,6.03124967848117e-06,1.61424623747584e-05,0,0,0.00371128809872423,0,0,D10181811
0.00358405635948191,0.246265512717118,0.0635393764505839,0.00966445578117725,0.000144954714624446,0,0.00348818548895271,0,0,D10181828
0.000183181873731169,0.348345449184615,4.64995103143118e-06,3.58242706224346e-05,0,0,0.00115580754651687,0,0,D10181838
0.00280057614759789,0.205998583195751,0,0,0,0,2.71515915900135e-05,0,0,D10181852
0.0014467903638927,0.66099352588098,2.61217429064415e-06,1.2750952469585e-05,0,0,0.00695267820474382,0,0,D10181855
0.00328038364580595,0.0308755225794074,4.15394233358788e-06,0.000210966423145644,0,0,0,0,0,D10181862
0.0039221441279294,0.101382112587875,0,0,0,0,0,0,0,D10181868
4.88552438005842e-05,0.0015298812582408,5.26642967070705e-06,3.04724232518898e-06,0.000110860000678343,0,5.10081867477286e-06,0,0,D10181875
5.56750502691377e-05,0.00161065065297832,6.10680750815328e-06,3.52925888458209e-06,0.000114165576727099,0,6.42404426182358e-06,0,0,D10181897
0.0106876051428255,0.144275410870338,0.000169889488130427,0.000105281784407232,0.00552023130081072,0.0745134771800751,0,0,0,D10192216
4.90936815449978e-06,0.00384461546302795,0.0225383736298735,0.00165476948240353,0.00173702371430119,0,0,0,0,D15180712
6.6190035373846e-06,0.00182586788531978,0.0001979082057678,4.55450481500988e-05,0.000340185262757105,0,0,0,0,D15180732
0.000251789849762057,0.0195059074097815,0.0286474785984396,0.00308892465354094,3.96065279863957e-06,0,0,0,0,D15180736
1.58282187245739e-05,0.00496196707489003,0.0143723489569383,0.00521437005141756,0,0,0,0,0,D15180754
0.0342999531980609,0.000129730145516855,0.00314214853158503,0.000296048962909326,0.000832107869716877,0,0,0,0,D15180812
0.000100208838927286,0.310737213904168,0.0030096900778744,0.00011821983651494,4.20659540973408e-05,0,0.00140348784781473,0,0,D15180828
9.72971826562197e-06,0.000676014994552633,0.0313519946414397,0.00774879135581219,0.0190814715954723,0,0,0,0,D17181284
0.00930084190157339,0.206910533794943,0,0,0,0,8.4536037795533e-05,0,0,D17181367
0.155864102273267,0.100451152499595,0.000480500643230194,0.000111141887912375,0.000379999407243264,0,0.0125583648114644,0,0,D17181382
0.146112774621179,0.0312833972017769,0,0,0,0,0.0027509365518085,0,0,D17181388
0.0219948666708763,0.105062061775765,1.04251401884202e-05,7.99838546522498e-06,1.49319703886398e-05,0,6.01240864073258e-05,0,0,D17181399
0,0,0,0,0,0,0,0,0,D17181406
0.0209400198056954,0.00194762034466665,1.82512687377539e-05,6.65444488491557e-06,0.000106503421289158,0,0.0161330232577371,0,0,D17181408
0.58470169075141,0.0036195776950949,1.47001150479384e-05,6.6615711229898e-06,0.000607356652107226,0,0.000536944961801658,0,0,D17181456
0.384755751540998,0.00103363461996658,2.00388909069324e-06,1.6889922335843e-06,0,0,0.220084190251177,0,0,D17181550
0,0.857976758617736,4.1193566563252e-05,3.91875378404662e-06,9.61027713706672e-06,0.000119148775767322,0,0,0,D17181658
0.000565636802095885,0.000521599920869112,0,0,0,0,0,0,0,D17181672
